{
  "Apple___alternaria_leaf_spot": {
    "precision": 0.8571428571428571,
    "recall": 0.8571428571428571,
    "f1-score": 0.8571428571428571,
    "support": 56.0
  },
  "Apple___black_rot": {
    "precision": 0.6956521739130435,
    "recall": 0.6451612903225806,
    "f1-score": 0.6694560669456067,
    "support": 124.0
  },
  "Apple___brown_spot": {
    "precision": 0.9714285714285714,
    "recall": 0.7906976744186046,
    "f1-score": 0.8717948717948718,
    "support": 43.0
  },
  "Apple___gray_spot": {
    "precision": 0.8227848101265823,
    "recall": 0.8227848101265823,
    "f1-score": 0.8227848101265823,
    "support": 79.0
  },
  "Apple___healthy": {
    "precision": 0.7219251336898396,
    "recall": 0.675,
    "f1-score": 0.6976744186046512,
    "support": 200.0
  },
  "Apple___rust": {
    "precision": 0.6284153005464481,
    "recall": 0.575,
    "f1-score": 0.6005221932114883,
    "support": 200.0
  },
  "Apple___scab": {
    "precision": 0.6570048309178744,
    "recall": 0.68,
    "f1-score": 0.6683046683046683,
    "support": 200.0
  },
  "Bell_pepper___bacterial_spot": {
    "precision": 0.7971014492753623,
    "recall": 0.825,
    "f1-score": 0.8108108108108109,
    "support": 200.0
  },
  "Bell_pepper___healthy": {
    "precision": 0.8390243902439024,
    "recall": 0.86,
    "f1-score": 0.8493827160493828,
    "support": 200.0
  },
  "Blueberry___healthy": {
    "precision": 0.8812785388127854,
    "recall": 0.965,
    "f1-score": 0.9212410501193318,
    "support": 200.0
  },
  "Cassava___bacterial_blight": {
    "precision": 0.3432203389830508,
    "recall": 0.405,
    "f1-score": 0.37155963302752293,
    "support": 200.0
  },
  "Cassava___brown_streak_disease": {
    "precision": 0.32075471698113206,
    "recall": 0.34,
    "f1-score": 0.3300970873786408,
    "support": 200.0
  },
  "Cassava___green_mottle": {
    "precision": 0.30985915492957744,
    "recall": 0.33,
    "f1-score": 0.3196125907990315,
    "support": 200.0
  },
  "Cassava___healthy": {
    "precision": 0.25555555555555554,
    "recall": 0.23,
    "f1-score": 0.24210526315789474,
    "support": 200.0
  },
  "Cassava___mosaic_disease": {
    "precision": 0.4008097165991903,
    "recall": 0.495,
    "f1-score": 0.4429530201342282,
    "support": 200.0
  },
  "Cherry___healthy": {
    "precision": 0.8764044943820225,
    "recall": 0.9122807017543859,
    "f1-score": 0.8939828080229226,
    "support": 171.0
  },
  "Cherry___powdery_mildew": {
    "precision": 0.8193832599118943,
    "recall": 0.93,
    "f1-score": 0.8711943793911007,
    "support": 200.0
  },
  "Coffee___healthy": {
    "precision": 0.6187845303867403,
    "recall": 0.7088607594936709,
    "f1-score": 0.6607669616519174,
    "support": 158.0
  },
  "Coffee___red_spider_mite": {
    "precision": 0.17647058823529413,
    "recall": 0.09090909090909091,
    "f1-score": 0.12,
    "support": 33.0
  },
  "Coffee___rust": {
    "precision": 0.4307692307692308,
    "recall": 0.4666666666666667,
    "f1-score": 0.448,
    "support": 120.0
  },
  "Corn___common_rust": {
    "precision": 0.8523809523809524,
    "recall": 0.895,
    "f1-score": 0.8731707317073171,
    "support": 200.0
  },
  "Corn___gray_leaf_spot": {
    "precision": 0.7027027027027027,
    "recall": 0.5048543689320388,
    "f1-score": 0.5875706214689266,
    "support": 103.0
  },
  "Corn___healthy": {
    "precision": 0.9252336448598131,
    "recall": 0.99,
    "f1-score": 0.9565217391304348,
    "support": 200.0
  },
  "Corn___northern_leaf_blight": {
    "precision": 0.7046413502109705,
    "recall": 0.8477157360406091,
    "f1-score": 0.7695852534562212,
    "support": 197.0
  },
  "Grape___Leaf_blight": {
    "precision": 0.8190045248868778,
    "recall": 0.905,
    "f1-score": 0.8598574821852731,
    "support": 200.0
  },
  "Grape___black_measles": {
    "precision": 0.8277777777777777,
    "recall": 0.745,
    "f1-score": 0.7842105263157895,
    "support": 200.0
  },
  "Grape___black_rot": {
    "precision": 0.4979253112033195,
    "recall": 0.6,
    "f1-score": 0.54421768707483,
    "support": 200.0
  },
  "Grape___healthy": {
    "precision": 0.912621359223301,
    "recall": 0.94,
    "f1-score": 0.9261083743842364,
    "support": 200.0
  },
  "Orange___citrus_greening": {
    "precision": 0.9064039408866995,
    "recall": 0.92,
    "f1-score": 0.913151364764268,
    "support": 200.0
  },
  "Peach___bacterial_spot": {
    "precision": 0.7948717948717948,
    "recall": 0.775,
    "f1-score": 0.7848101265822784,
    "support": 200.0
  },
  "Peach___healthy": {
    "precision": 0.8918918918918919,
    "recall": 0.9166666666666666,
    "f1-score": 0.9041095890410958,
    "support": 72.0
  },
  "Potato___bacterial_wilt": {
    "precision": 0.5109489051094891,
    "recall": 0.6140350877192983,
    "f1-score": 0.5577689243027888,
    "support": 114.0
  },
  "Potato___early_blight": {
    "precision": 0.7397260273972602,
    "recall": 0.81,
    "f1-score": 0.7732696897374701,
    "support": 200.0
  },
  "Potato___healthy": {
    "precision": 0.7679558011049724,
    "recall": 0.695,
    "f1-score": 0.7296587926509186,
    "support": 200.0
  },
  "Potato___late_blight": {
    "precision": 0.7488151658767772,
    "recall": 0.79,
    "f1-score": 0.7688564476885644,
    "support": 200.0
  },
  "Potato___leafroll_virus": {
    "precision": 0.9603960396039604,
    "recall": 0.9238095238095239,
    "f1-score": 0.941747572815534,
    "support": 105.0
  },
  "Potato___mosaic_virus": {
    "precision": 0.8515625,
    "recall": 0.8195488721804511,
    "f1-score": 0.8352490421455939,
    "support": 133.0
  },
  "Potato___nematode": {
    "precision": 0.46153846153846156,
    "recall": 0.42857142857142855,
    "f1-score": 0.4444444444444444,
    "support": 14.0
  },
  "Potato___pests": {
    "precision": 0.44554455445544555,
    "recall": 0.36885245901639346,
    "f1-score": 0.40358744394618834,
    "support": 122.0
  },
  "Potato___phytophthora": {
    "precision": 0.5714285714285714,
    "recall": 0.463768115942029,
    "f1-score": 0.512,
    "support": 69.0
  },
  "Raspberry___healthy": {
    "precision": 0.9305555555555556,
    "recall": 0.9054054054054054,
    "f1-score": 0.9178082191780822,
    "support": 74.0
  },
  "Rice___bacterial_blight": {
    "precision": 0.9178743961352657,
    "recall": 0.95,
    "f1-score": 0.9336609336609336,
    "support": 200.0
  },
  "Rice___blast": {
    "precision": 0.8790697674418605,
    "recall": 0.945,
    "f1-score": 0.9108433734939759,
    "support": 200.0
  },
  "Rice___brown_spot": {
    "precision": 0.9238095238095239,
    "recall": 0.97,
    "f1-score": 0.9463414634146341,
    "support": 200.0
  },
  "Rice___tungro": {
    "precision": 0.9705882352941176,
    "recall": 0.99,
    "f1-score": 0.9801980198019802,
    "support": 200.0
  },
  "Rose___healthy": {
    "precision": 0.8672985781990521,
    "recall": 0.915,
    "f1-score": 0.8905109489051095,
    "support": 200.0
  },
  "Rose___rust": {
    "precision": 0.6008403361344538,
    "recall": 0.715,
    "f1-score": 0.6529680365296804,
    "support": 200.0
  },
  "Rose___slug_sawfly": {
    "precision": 0.6548672566371682,
    "recall": 0.74,
    "f1-score": 0.6948356807511737,
    "support": 200.0
  },
  "Soybean___healthy": {
    "precision": 0.7676348547717843,
    "recall": 0.925,
    "f1-score": 0.8390022675736961,
    "support": 200.0
  },
  "Squash___powdery_mildew": {
    "precision": 0.8651162790697674,
    "recall": 0.93,
    "f1-score": 0.8963855421686747,
    "support": 200.0
  },
  "Strawberry___healthy": {
    "precision": 0.8541666666666666,
    "recall": 0.9010989010989011,
    "f1-score": 0.8770053475935828,
    "support": 91.0
  },
  "Strawberry___leaf_scorch": {
    "precision": 0.87,
    "recall": 0.87,
    "f1-score": 0.87,
    "support": 200.0
  },
  "Sugercane___healthy": {
    "precision": 0.7636363636363637,
    "recall": 0.8076923076923077,
    "f1-score": 0.7850467289719626,
    "support": 104.0
  },